-- phpMyAdmin SQL Dump
-- version 5.2.1deb1
-- https://www.phpmyadmin.net/
--
-- Host: localhost
-- Generation Time: May 12, 2024 at 07:06 AM
-- Server version: 10.11.3-MariaDB-1+rpi1
-- PHP Version: 8.2.7

SET SQL_MODE = "NO_AUTO_VALUE_ON_ZERO";
START TRANSACTION;
SET time_zone = "+00:00";


/*!40101 SET @OLD_CHARACTER_SET_CLIENT=@@CHARACTER_SET_CLIENT */;
/*!40101 SET @OLD_CHARACTER_SET_RESULTS=@@CHARACTER_SET_RESULTS */;
/*!40101 SET @OLD_COLLATION_CONNECTION=@@COLLATION_CONNECTION */;
/*!40101 SET NAMES utf8mb4 */;

--
-- Database: `bitcoin_data`
--

-- --------------------------------------------------------

--
-- Table structure for table `binancecoin_detail`
--

CREATE TABLE `binancecoin_detail` (
  `id` int(11) NOT NULL,
  `binancecoin_price_id` int(11) DEFAULT NULL,
  `low_rate` decimal(10,2) DEFAULT NULL,
  `high_rate` decimal(10,2) DEFAULT NULL,
  `timestamp` timestamp NULL DEFAULT NULL
) ENGINE=InnoDB DEFAULT CHARSET=latin1 COLLATE=latin1_swedish_ci;

--
-- Dumping data for table `binancecoin_detail`
--

INSERT INTO `binancecoin_detail` (`id`, `binancecoin_price_id`, `low_rate`, `high_rate`, `timestamp`) VALUES
(1, 1, 574.33, 625.45, '2024-04-27 10:00:03'),
(2, 2, 575.97, 627.89, '2024-04-27 11:00:05'),
(3, 3, 587.56, 632.18, '2024-04-27 12:00:03'),
(4, 4, 583.54, 630.75, '2024-04-27 13:00:03'),
(5, 5, 514.78, 605.32, '2024-04-27 14:00:03'),
(6, 6, 553.32, 620.88, '2024-04-27 15:00:03'),
(7, 7, 530.26, 610.42, '2024-04-27 16:00:03'),
(8, 8, 562.99, 625.75, '2024-04-27 17:00:02'),
(9, 9, 503.93, 595.83, '2024-04-27 18:00:03'),
(10, 10, 532.52, 615.27, '2024-04-27 19:00:04'),
(11, 11, 561.35, 625.68, '2024-04-27 20:00:03'),
(12, 12, 565.67, 629.71, '2024-04-27 21:00:03'),
(13, 13, 588.44, 630.22, '2024-04-27 22:00:03'),
(14, 14, 556.84, 625.90, '2024-04-27 23:00:03'),
(15, 15, 545.71, 640.15, '2024-04-28 00:00:03'),
(16, 16, 548.12, 625.89, '2024-04-28 01:00:02'),
(17, 17, 552.76, 620.78, '2024-04-28 02:00:04'),
(18, 18, 568.38, 635.47, '2024-04-28 03:00:04'),
(19, 19, 570.73, 625.19, '2024-04-28 04:00:04'),
(20, 20, 556.78, 630.65, '2024-04-28 05:00:03'),
(21, 21, 501.23, 617.33, '2024-04-28 06:00:02'),
(22, 22, 588.23, 630.59, '2024-04-28 07:00:04'),
(23, 23, 546.67, 625.76, '2024-04-28 08:00:02'),
(24, 24, 504.19, 605.34, '2024-04-28 09:00:04'),
(25, 25, 546.33, 620.57, '2024-04-28 10:00:04'),
(26, 26, 512.54, 615.63, '2024-04-28 11:00:03'),
(27, 27, 563.62, 610.99, '2024-04-28 12:00:03'),
(28, 28, 564.85, 623.78, '2024-04-28 13:00:03'),
(29, 29, 553.54, 614.22, '2024-04-28 14:00:02'),
(30, 30, 543.90, 616.19, '2024-04-28 15:00:02'),
(31, 31, 545.23, 612.89, '2024-04-28 16:00:04'),
(32, 32, 510.02, 617.50, '2024-04-28 17:00:11'),
(33, 33, 512.51, 620.45, '2024-04-28 18:00:03'),
(34, 34, 519.10, 610.37, '2024-04-28 19:00:02'),
(35, 35, 523.33, 611.29, '2024-04-28 20:00:03'),
(36, 36, 530.54, 612.14, '2024-04-28 21:00:03'),
(37, 37, 536.95, 615.78, '2024-04-28 22:00:03'),
(38, 38, 547.32, 618.92, '2024-04-28 23:00:03'),
(39, 39, 555.37, 619.57, '2024-04-29 00:00:02'),
(40, 40, 550.90, 619.63, '2024-04-29 01:00:03'),
(41, 41, 510.32, 619.90, '2024-04-29 02:00:03'),
(42, 42, 542.12, 617.80, '2024-04-29 03:00:03'),
(43, 43, 552.63, 612.44, '2024-04-29 04:00:03'),
(44, 44, 541.55, 610.27, '2024-04-29 05:00:02'),
(45, 45, 548.38, 609.31, '2024-04-29 06:00:03'),
(46, 46, 528.26, 606.82, '2024-04-29 07:00:03'),
(47, 47, 538.11, 605.66, '2024-04-29 08:00:03'),
(48, 48, 529.06, 604.98, '2024-04-29 09:00:03'),
(49, 49, 522.42, 604.75, '2024-04-29 10:00:04'),
(50, 50, 521.90, 604.58, '2024-04-29 11:00:04');

-- --------------------------------------------------------

--
-- Table structure for table `binancecoin_price`
--

CREATE TABLE `binancecoin_price` (
  `id` int(11) NOT NULL,
  `current_rate` decimal(10,2) DEFAULT NULL,
  `timestamp` timestamp NULL DEFAULT NULL
) ENGINE=InnoDB DEFAULT CHARSET=latin1 COLLATE=latin1_swedish_ci;

--
-- Dumping data for table `binancecoin_price`
--

INSERT INTO `binancecoin_price` (`id`, `current_rate`, `timestamp`) VALUES
(1, 600.20, '2024-04-27 10:00:03'),
(2, 602.84, '2024-04-27 11:00:05'),
(3, 615.37, '2024-04-27 12:00:03'),
(4, 610.25, '2024-04-27 13:00:03'),
(5, 561.49, '2024-04-27 14:00:03'),
(6, 590.03, '2024-04-27 15:00:03'),
(7, 556.97, '2024-04-27 16:00:03'),
(8, 599.70, '2024-04-27 17:00:02'),
(9, 540.64, '2024-04-27 18:00:03'),
(10, 580.23, '2024-04-27 19:00:04'),
(11, 588.06, '2024-04-27 20:00:03'),
(12, 592.38, '2024-04-27 21:00:03'),
(13, 605.15, '2024-04-27 22:00:03'),
(14, 593.55, '2024-04-27 23:00:03'),
(15, 625.42, '2024-04-28 00:00:03'),
(16, 594.83, '2024-04-28 01:00:02'),
(17, 589.47, '2024-04-28 02:00:04'),
(18, 570.09, '2024-04-28 03:00:04'),
(19, 587.44, '2024-04-28 04:00:04'),
(20, 593.49, '2024-04-28 05:00:03'),
(21, 577.94, '2024-04-28 06:00:02'),
(22, 594.94, '2024-04-28 07:00:04'),
(23, 583.38, '2024-04-28 08:00:02'),
(24, 540.90, '2024-04-28 09:00:04'),
(25, 555.27, '2024-04-28 10:00:04'),
(26, 565.07, '2024-04-28 11:00:03'),
(27, 563.31, '2024-04-28 12:00:03'),
(28, 576.56, '2024-04-28 13:00:03'),
(29, 563.31, '2024-04-28 14:00:02'),
(30, 563.31, '2024-04-28 15:00:02'),
(31, 563.31, '2024-04-28 16:00:04'),
(32, 563.31, '2024-04-28 17:00:11'),
(33, 569.89, '2024-04-28 18:00:03'),
(34, 559.51, '2024-04-28 19:00:02'),
(35, 559.51, '2024-04-28 20:00:03'),
(36, 559.51, '2024-04-28 21:00:03'),
(37, 562.89, '2024-04-28 22:00:03'),
(38, 567.63, '2024-04-28 23:00:03'),
(39, 567.34, '2024-04-29 00:00:02'),
(40, 567.34, '2024-04-29 01:00:03'),
(41, 567.34, '2024-04-29 02:00:03'),
(42, 565.79, '2024-04-29 03:00:03'),
(43, 563.10, '2024-04-29 04:00:03'),
(44, 561.50, '2024-04-29 05:00:02'),
(45, 559.44, '2024-04-29 06:00:03'),
(46, 558.26, '2024-04-29 07:00:03'),
(47, 557.92, '2024-04-29 08:00:03'),
(48, 557.92, '2024-04-29 09:00:03'),
(49, 557.92, '2024-04-29 10:00:04'),
(50, 557.92, '2024-04-29 11:00:04');

-- --------------------------------------------------------

--
-- Table structure for table `bitcoin_price`
--

CREATE TABLE `bitcoin_price` (
  `id` int(11) NOT NULL,
  `btc_price` decimal(10,2) DEFAULT NULL,
  `low_24h` decimal(10,2) DEFAULT NULL,
  `high_24h` decimal(10,2) DEFAULT NULL,
  `timestamp` timestamp NULL DEFAULT current_timestamp()
) ENGINE=InnoDB DEFAULT CHARSET=latin1 COLLATE=latin1_swedish_ci;

-- --------------------------------------------------------

--
-- Table structure for table `bitcoin_prices`
--

CREATE TABLE `bitcoin_prices` (
  `id` int(11) NOT NULL,
  `current_rate` decimal(10,2) DEFAULT NULL,
  `timestamp` timestamp NULL DEFAULT current_timestamp()
) ENGINE=InnoDB DEFAULT CHARSET=latin1 COLLATE=latin1_swedish_ci;

--
-- Dumping data for table `bitcoin_prices`
--

INSERT INTO `bitcoin_prices` (`id`, `current_rate`, `timestamp`) VALUES
(1, 62938.87, '2024-04-27 10:00:03'),
(2, 62790.60, '2024-04-27 11:00:05'),
(3, 62756.22, '2024-04-27 12:00:03'),
(4, 62926.56, '2024-04-27 13:00:03'),
(5, 63177.71, '2024-04-27 14:00:03'),
(6, 63106.45, '2024-04-27 15:00:03'),
(7, 62927.62, '2024-04-27 16:00:03'),
(8, 62831.02, '2024-04-27 17:00:02'),
(9, 63241.53, '2024-04-27 18:00:03'),
(10, 63161.06, '2024-04-27 19:00:04'),
(11, 63273.70, '2024-04-27 20:00:03'),
(12, 63227.43, '2024-04-27 21:00:03'),
(13, 63241.85, '2024-04-27 22:00:03'),
(14, 63258.96, '2024-04-27 23:00:03'),
(15, 63474.81, '2024-04-28 00:00:03'),
(16, 63585.81, '2024-04-28 01:00:02'),
(17, 63594.35, '2024-04-28 02:00:04'),
(18, 63947.82, '2024-04-28 03:00:04'),
(19, 64052.73, '2024-04-28 04:00:04'),
(20, 63888.78, '2024-04-28 05:00:03'),
(21, 63867.53, '2024-04-28 06:00:02'),
(22, 63899.72, '2024-04-28 07:00:04'),
(23, 63905.95, '2024-04-28 08:00:02'),
(24, 63700.19, '2024-04-28 09:00:04'),
(25, 63695.33, '2024-04-28 10:00:04'),
(26, 63584.54, '2024-04-28 11:00:03'),
(27, 63475.62, '2024-04-28 12:00:03'),
(28, 63571.85, '2024-04-28 13:00:03'),
(29, 63780.54, '2024-04-28 14:00:02'),
(30, 63495.90, '2024-04-28 15:00:02'),
(31, 63473.23, '2024-04-28 16:00:04'),
(32, 63603.02, '2024-04-28 17:00:11'),
(33, 63696.51, '2024-04-28 18:00:03'),
(34, 63748.10, '2024-04-28 19:00:02'),
(35, 63750.33, '2024-04-28 20:00:03'),
(36, 63637.54, '2024-04-28 21:00:03'),
(37, 63649.95, '2024-04-28 22:00:03'),
(38, 63120.32, '2024-04-28 23:00:03'),
(39, 62986.37, '2024-04-29 00:00:02'),
(40, 63205.90, '2024-04-29 01:00:03'),
(41, 63195.32, '2024-04-29 02:00:03'),
(42, 62722.12, '2024-04-29 03:00:03'),
(43, 62611.63, '2024-04-29 04:00:03'),
(44, 62610.55, '2024-04-29 05:00:02'),
(45, 62358.38, '2024-04-29 06:00:03'),
(46, 62028.26, '2024-04-29 07:00:03'),
(47, 62338.11, '2024-04-29 08:00:03'),
(48, 62365.06, '2024-04-29 09:00:03'),
(49, 62365.42, '2024-04-29 10:00:04'),
(50, 62521.90, '2024-04-29 11:00:04'),
(51, 62315.36, '2024-04-29 12:00:04'),
(52, 62124.47, '2024-04-29 13:00:03'),
(53, 61970.02, '2024-04-29 14:00:03'),
(54, 62761.56, '2024-04-29 15:00:03'),
(55, 62970.31, '2024-04-29 16:00:03'),
(56, 62871.78, '2024-04-29 17:00:04'),
(57, 63021.56, '2024-04-29 18:00:05'),
(58, 62809.15, '2024-04-29 19:00:04'),
(59, 62746.83, '2024-04-29 20:00:04'),
(60, 62948.80, '2024-04-29 21:00:04'),
(61, 62958.41, '2024-04-29 22:00:04'),
(62, 63784.44, '2024-04-29 23:00:03'),
(63, 63810.38, '2024-04-30 00:00:03'),
(64, 64008.07, '2024-04-30 01:00:02'),
(65, 64010.34, '2024-04-30 02:00:02'),
(66, 63790.01, '2024-04-30 03:00:03'),
(67, 63702.47, '2024-04-30 04:00:03'),
(68, 63493.31, '2024-04-30 05:00:03'),
(69, 63232.18, '2024-04-30 06:00:05'),
(70, 63412.85, '2024-04-30 07:00:05'),
(71, 63154.20, '2024-04-30 08:00:04'),
(72, 62238.75, '2024-04-30 09:00:03'),
(73, 61716.58, '2024-04-30 10:00:03'),
(74, 61727.17, '2024-04-30 11:00:04'),
(75, 61230.52, '2024-04-30 12:00:03'),
(76, 61158.50, '2024-04-30 13:00:04'),
(77, 61251.85, '2024-04-30 14:00:03'),
(78, 61250.83, '2024-04-30 15:00:03'),
(79, 60675.52, '2024-04-30 16:00:03'),
(80, 60470.24, '2024-04-30 17:00:03'),
(81, 60102.22, '2024-04-30 18:00:02'),
(82, 60079.71, '2024-04-30 19:00:03'),
(83, 59430.68, '2024-04-30 20:00:03'),
(84, 59774.08, '2024-04-30 21:00:04'),
(85, 60152.12, '2024-04-30 22:00:03'),
(86, 60510.54, '2024-04-30 23:00:04'),
(87, 60740.28, '2024-05-01 00:00:03'),
(88, 60158.81, '2024-05-01 01:00:02'),
(89, 60062.38, '2024-05-01 02:00:04'),
(90, 59751.34, '2024-05-01 03:00:03'),
(91, 60101.80, '2024-05-01 04:00:03'),
(92, 60229.75, '2024-05-01 05:00:03'),
(93, 59959.81, '2024-05-01 06:00:03'),
(94, 59719.84, '2024-05-01 07:00:02'),
(95, 57342.07, '2024-05-01 08:00:02'),
(96, 56915.24, '2024-05-01 09:00:02'),
(97, 57139.42, '2024-05-01 10:00:03'),
(98, 57447.01, '2024-05-01 11:00:03'),
(99, 57808.32, '2024-05-01 12:00:03'),
(100, 58161.48, '2024-05-01 13:00:04'),
(101, 57449.22, '2024-05-01 14:00:08'),
(102, 57355.88, '2024-05-01 15:00:03'),
(103, 56873.35, '2024-05-01 16:00:03'),
(104, 57081.00, '2024-05-01 17:00:04'),
(105, 57555.77, '2024-05-01 18:00:03'),
(106, 58245.85, '2024-05-01 19:00:03'),
(107, 57240.15, '2024-05-01 20:00:02'),
(108, 57429.94, '2024-05-01 21:00:03'),
(109, 57878.53, '2024-05-01 22:00:03'),
(110, 57978.12, '2024-05-01 23:00:04'),
(111, 58388.33, '2024-05-02 00:00:03'),
(112, 57686.64, '2024-05-02 01:00:02'),
(113, 57136.28, '2024-05-02 02:00:03'),
(114, 57424.32, '2024-05-02 03:00:03'),
(115, 57472.97, '2024-05-02 04:00:02'),
(116, 57461.02, '2024-05-02 05:00:05'),
(117, 57297.03, '2024-05-02 06:00:02'),
(118, 57563.78, '2024-05-02 07:00:03'),
(119, 57633.65, '2024-05-02 08:00:03'),
(120, 57801.71, '2024-05-02 09:00:04'),
(121, 57769.75, '2024-05-02 10:00:03'),
(122, 57675.62, '2024-05-02 11:00:03'),
(123, 58537.69, '2024-05-02 12:00:03'),
(124, 58799.32, '2024-05-02 13:00:03'),
(125, 58382.01, '2024-05-02 14:00:03'),
(126, 59024.81, '2024-05-02 15:00:03'),
(127, 59350.78, '2024-05-02 16:00:04'),
(128, 59044.07, '2024-05-02 17:00:02'),
(129, 59075.41, '2024-05-02 18:00:02'),
(130, 59244.92, '2024-05-02 19:00:03'),
(131, 59184.64, '2024-05-02 20:00:04'),
(132, 58881.89, '2024-05-02 21:00:03'),
(133, 59219.42, '2024-05-02 22:00:03'),
(134, 59361.94, '2024-05-02 23:00:04'),
(135, 59153.32, '2024-05-03 00:00:03'),
(136, 59058.03, '2024-05-03 01:00:03'),
(137, 59413.46, '2024-05-03 02:00:02'),
(138, 59562.33, '2024-05-03 03:00:03'),
(139, 59803.22, '2024-05-03 04:00:03'),
(140, 59613.63, '2024-05-03 05:00:03'),
(141, 59550.75, '2024-05-03 06:00:03'),
(142, 59326.50, '2024-05-03 07:00:03'),
(143, 59141.74, '2024-05-03 08:00:02'),
(144, 59357.32, '2024-05-03 09:00:03'),
(145, 59512.32, '2024-05-03 10:00:04'),
(146, 58934.91, '2024-05-03 11:00:03'),
(147, 59093.45, '2024-05-03 12:00:03'),
(148, 60426.81, '2024-05-03 13:00:03'),
(149, 61541.41, '2024-05-03 14:00:03'),
(150, 61754.33, '2024-05-03 15:00:03'),
(151, 61608.07, '2024-05-03 16:00:04'),
(152, 61983.45, '2024-05-03 17:00:03'),
(153, 61938.52, '2024-05-03 18:00:02'),
(154, 61836.74, '2024-05-03 19:00:04'),
(155, 61920.64, '2024-05-03 20:00:03'),
(156, 62920.94, '2024-05-03 21:00:03'),
(157, 62612.48, '2024-05-03 22:00:04'),
(158, 62947.86, '2024-05-03 23:00:02'),
(159, 63027.46, '2024-05-04 00:00:03'),
(160, 62860.71, '2024-05-04 01:00:03'),
(161, 62924.66, '2024-05-04 02:00:03'),
(162, 62712.08, '2024-05-04 03:00:03'),
(163, 62760.83, '2024-05-04 04:00:02'),
(164, 62806.99, '2024-05-04 05:00:03'),
(165, 63210.59, '2024-05-04 06:00:02'),
(166, 63026.83, '2024-05-04 07:00:03'),
(167, 63107.05, '2024-05-04 08:00:02'),
(168, 63012.49, '2024-05-04 09:00:03'),
(169, 63148.62, '2024-05-04 10:00:04'),
(170, 63493.57, '2024-05-04 11:00:02'),
(171, 64135.79, '2024-05-04 12:00:03'),
(172, 63880.17, '2024-05-04 13:00:02'),
(173, 63698.94, '2024-05-04 14:00:05'),
(174, 63816.42, '2024-05-04 15:00:03'),
(175, 63570.70, '2024-05-04 16:00:04'),
(176, 63522.97, '2024-05-04 17:00:03'),
(177, 63572.26, '2024-05-04 18:00:03'),
(178, 63699.70, '2024-05-04 19:00:03'),
(179, 63633.62, '2024-05-04 20:00:04'),
(180, 63926.57, '2024-05-04 21:00:03'),
(181, 63598.13, '2024-05-04 22:00:02'),
(182, 63700.97, '2024-05-04 23:00:03'),
(183, 63910.87, '2024-05-05 00:00:03'),
(184, 63820.04, '2024-05-05 01:00:03'),
(185, 63045.05, '2024-05-05 02:00:02'),
(186, 63333.46, '2024-05-05 03:00:03'),
(187, 63132.09, '2024-05-05 04:00:03'),
(188, 63347.61, '2024-05-05 05:00:03'),
(189, 63305.31, '2024-05-05 06:00:03'),
(190, 63414.07, '2024-05-05 07:00:03'),
(191, 63818.37, '2024-05-05 08:00:03'),
(192, 63843.23, '2024-05-05 09:00:03'),
(193, 63703.68, '2024-05-05 10:00:04'),
(194, 63655.44, '2024-05-05 11:00:03'),
(195, 63897.20, '2024-05-05 12:00:02'),
(196, 63752.51, '2024-05-05 13:00:03'),
(197, 64139.42, '2024-05-05 14:00:03'),
(198, 63996.08, '2024-05-05 15:00:04'),
(199, 64387.79, '2024-05-05 16:00:05'),
(200, 64346.27, '2024-05-05 17:00:05'),
(201, 64262.92, '2024-05-05 18:00:03'),
(202, 63989.75, '2024-05-05 19:00:02'),
(203, 63878.65, '2024-05-05 20:00:03'),
(204, 63708.38, '2024-05-05 21:00:04'),
(205, 63732.16, '2024-05-05 22:00:04'),
(206, 63805.67, '2024-05-05 23:00:03'),
(207, 64038.46, '2024-05-06 00:00:02'),
(208, 64193.03, '2024-05-06 01:00:03'),
(209, 64178.62, '2024-05-06 02:00:03'),
(210, 63866.33, '2024-05-06 04:00:04');

-- --------------------------------------------------------

--
-- Table structure for table `bitcoin_price_details`
--

CREATE TABLE `bitcoin_price_details` (
  `id` int(11) NOT NULL,
  `bitcoin_price_id` int(11) DEFAULT NULL,
  `low_rate` decimal(10,2) DEFAULT NULL,
  `high_rate` decimal(10,2) DEFAULT NULL,
  `timestamp` timestamp NOT NULL DEFAULT '0000-00-00 00:00:00' ON UPDATE current_timestamp()
) ENGINE=InnoDB DEFAULT CHARSET=latin1 COLLATE=latin1_swedish_ci;

--
-- Dumping data for table `bitcoin_price_details`
--

INSERT INTO `bitcoin_price_details` (`id`, `bitcoin_price_id`, `low_rate`, `high_rate`, `timestamp`) VALUES
(1, 1, 62460.64, 64771.02, '2024-04-27 10:00:03'),
(2, 2, 62460.64, 64771.02, '2024-04-27 11:00:05'),
(3, 3, 62460.64, 64771.02, '2024-04-27 12:00:03'),
(4, 4, 62460.64, 64771.02, '2024-04-27 13:00:03'),
(5, 5, 62460.64, 64771.02, '2024-04-27 14:00:03'),
(6, 6, 62460.64, 64108.20, '2024-04-27 15:00:03'),
(7, 7, 62460.64, 64108.20, '2024-04-27 16:00:03'),
(8, 8, 62460.64, 64108.20, '2024-04-27 17:00:02'),
(9, 9, 62460.64, 64108.20, '2024-04-27 18:00:03'),
(10, 10, 62460.64, 64083.08, '2024-04-27 19:00:04'),
(11, 11, 62460.64, 64068.04, '2024-04-27 20:00:03'),
(12, 12, 62460.64, 64046.93, '2024-04-27 21:00:03'),
(13, 13, 62460.64, 64046.93, '2024-04-27 22:00:03'),
(14, 14, 62460.64, 63891.34, '2024-04-27 23:00:03'),
(15, 15, 62460.64, 63891.34, '2024-04-28 00:00:03'),
(16, 16, 62460.64, 63683.27, '2024-04-28 01:00:02'),
(17, 17, 62515.34, 63683.27, '2024-04-28 02:00:04'),
(18, 18, 62656.36, 63976.96, '2024-04-28 03:00:04'),
(19, 19, 62656.36, 64304.82, '2024-04-28 04:00:04'),
(20, 20, 62656.36, 64304.82, '2024-04-28 05:00:03'),
(21, 21, 62656.36, 64304.82, '2024-04-28 06:00:02'),
(22, 22, 62656.36, 64304.82, '2024-04-28 07:00:04'),
(23, 23, 62656.36, 64304.82, '2024-04-28 08:00:02'),
(24, 24, 62656.36, 64304.82, '2024-04-28 09:00:04'),
(25, 25, 62656.36, 64304.82, '2024-04-28 10:00:04'),
(26, 26, 62656.36, 64304.82, '2024-04-28 11:00:03'),
(27, 27, 62724.60, 64304.82, '2024-04-28 12:00:03'),
(28, 28, 62724.60, 64304.82, '2024-04-28 13:00:03'),
(29, 29, 62724.60, 64304.82, '2024-04-28 14:00:02'),
(30, 30, 62724.60, 64304.82, '2024-04-28 15:00:02'),
(31, 31, 62724.60, 64304.82, '2024-04-28 16:00:04'),
(32, 32, 62724.60, 64304.82, '2024-04-28 17:00:11'),
(33, 33, 62851.18, 64304.82, '2024-04-28 18:00:03'),
(34, 34, 63120.80, 64304.82, '2024-04-28 19:00:02'),
(35, 35, 63120.80, 64304.82, '2024-04-28 20:00:03'),
(36, 36, 63120.80, 64304.82, '2024-04-28 21:00:03'),
(37, 37, 63204.18, 64304.82, '2024-04-28 22:00:03'),
(38, 38, 62968.92, 64304.82, '2024-04-28 23:00:03'),
(39, 39, 62802.63, 64304.82, '2024-04-29 00:00:02'),
(40, 40, 62802.63, 64304.82, '2024-04-29 01:00:03'),
(41, 41, 62802.63, 64304.82, '2024-04-29 02:00:03'),
(42, 42, 62597.08, 64304.82, '2024-04-29 03:00:03'),
(43, 43, 62464.39, 64067.58, '2024-04-29 04:00:03'),
(44, 44, 62229.79, 64011.59, '2024-04-29 05:00:02'),
(45, 45, 62082.73, 64011.59, '2024-04-29 06:00:03'),
(46, 46, 61964.55, 64011.59, '2024-04-29 07:00:03'),
(47, 47, 61960.21, 63937.38, '2024-04-29 08:00:03'),
(48, 48, 61960.21, 63937.08, '2024-04-29 09:00:03'),
(49, 49, 61960.21, 63937.08, '2024-04-29 10:00:04'),
(50, 50, 61960.21, 63937.08, '2024-04-29 11:00:04'),
(51, 51, 61960.21, 63937.08, '2024-04-29 12:00:04'),
(52, 52, 61960.21, 63937.08, '2024-04-29 13:00:03'),
(53, 53, 61960.21, 63937.08, '2024-04-29 14:00:03'),
(54, 54, 61813.99, 63937.08, '2024-04-29 15:00:03'),
(55, 55, 61813.99, 63937.08, '2024-04-29 16:00:03'),
(56, 56, 61813.99, 63937.08, '2024-04-29 17:00:04'),
(57, 57, 61813.99, 63937.08, '2024-04-29 18:00:05'),
(58, 58, 61813.99, 63920.96, '2024-04-29 19:00:04'),
(59, 59, 61813.99, 63769.50, '2024-04-29 20:00:04'),
(60, 60, 61813.99, 63692.44, '2024-04-29 21:00:04'),
(61, 61, 61813.99, 63684.57, '2024-04-29 22:00:04'),
(62, 62, 61813.99, 63841.74, '2024-04-29 23:00:03'),
(63, 63, 61813.99, 64165.53, '2024-04-30 00:00:03'),
(64, 64, 61813.99, 64165.53, '2024-04-30 01:00:02'),
(65, 65, 61813.99, 64683.79, '2024-04-30 02:00:02'),
(66, 66, 61813.99, 64683.79, '2024-04-30 03:00:03'),
(67, 67, 61813.99, 64683.79, '2024-04-30 04:00:03'),
(68, 68, 61813.99, 64683.79, '2024-04-30 05:00:03'),
(69, 69, 61813.99, 64683.79, '2024-04-30 06:00:05'),
(70, 70, 61813.99, 64683.79, '2024-04-30 07:00:05'),
(71, 71, 61813.99, 64683.79, '2024-04-30 08:00:04'),
(72, 72, 61813.99, 64683.79, '2024-04-30 09:00:03'),
(73, 73, 61627.40, 64683.79, '2024-04-30 10:00:03'),
(74, 74, 61504.32, 64683.79, '2024-04-30 11:00:04'),
(75, 75, 61201.72, 64683.79, '2024-04-30 12:00:03'),
(76, 76, 60757.28, 64683.79, '2024-04-30 13:00:04'),
(77, 77, 60757.28, 64683.79, '2024-04-30 14:00:03'),
(78, 78, 60548.31, 64683.79, '2024-04-30 15:00:03'),
(79, 79, 60548.31, 64683.79, '2024-04-30 16:00:03'),
(80, 80, 60150.08, 64683.79, '2024-04-30 17:00:03'),
(81, 81, 60081.68, 64683.79, '2024-04-30 18:00:02'),
(82, 82, 60022.53, 64683.79, '2024-04-30 19:00:03'),
(83, 83, 59399.54, 64683.79, '2024-04-30 20:00:03'),
(84, 84, 59109.26, 64683.79, '2024-04-30 21:00:04'),
(85, 85, 59109.26, 64683.79, '2024-04-30 22:00:03'),
(86, 86, 59109.26, 64683.79, '2024-04-30 23:00:04'),
(87, 87, 59109.26, 64683.79, '2024-05-01 00:00:03'),
(88, 88, 59109.26, 64683.79, '2024-05-01 01:00:02'),
(89, 89, 59109.26, 63941.47, '2024-05-01 02:00:04'),
(90, 90, 59109.26, 63849.31, '2024-05-01 03:00:03'),
(91, 91, 59109.26, 63702.58, '2024-05-01 04:00:03'),
(92, 92, 59109.26, 63558.48, '2024-05-01 05:00:03'),
(93, 93, 59109.26, 63451.33, '2024-05-01 06:00:03'),
(94, 94, 59109.26, 63451.33, '2024-05-01 07:00:02'),
(95, 95, 57088.97, 63439.60, '2024-05-01 08:00:02'),
(96, 96, 56552.56, 62403.88, '2024-05-01 09:00:02'),
(97, 97, 56552.56, 61817.44, '2024-05-01 10:00:03'),
(98, 98, 56552.56, 61755.64, '2024-05-01 11:00:03'),
(99, 99, 56552.56, 61486.57, '2024-05-01 12:00:03'),
(100, 100, 56552.56, 61486.57, '2024-05-01 13:00:04'),
(101, 101, 56552.56, 61486.57, '2024-05-01 14:00:08'),
(102, 102, 56552.56, 61439.27, '2024-05-01 15:00:03'),
(103, 103, 56552.56, 60951.67, '2024-05-01 16:00:03'),
(104, 104, 56552.56, 60951.67, '2024-05-01 17:00:04'),
(105, 105, 56552.56, 60951.67, '2024-05-01 18:00:03'),
(106, 106, 56552.56, 60951.67, '2024-05-01 19:00:03'),
(107, 107, 56552.56, 60951.67, '2024-05-01 20:00:02'),
(108, 108, 56552.56, 60951.67, '2024-05-01 21:00:03'),
(109, 109, 56552.56, 60951.67, '2024-05-01 22:00:03'),
(110, 110, 56552.56, 60860.20, '2024-05-01 23:00:04'),
(111, 111, 56552.56, 60808.45, '2024-05-02 00:00:03'),
(112, 112, 56552.56, 60350.48, '2024-05-02 01:00:02'),
(113, 113, 56552.56, 60259.13, '2024-05-02 02:00:03'),
(114, 114, 56552.56, 60259.13, '2024-05-02 03:00:03'),
(115, 115, 56552.56, 60259.13, '2024-05-02 04:00:02'),
(116, 116, 56552.56, 60240.14, '2024-05-02 05:00:05'),
(117, 117, 56552.56, 60102.18, '2024-05-02 06:00:02'),
(118, 118, 56552.56, 59763.22, '2024-05-02 07:00:03'),
(119, 119, 56552.56, 59367.43, '2024-05-02 08:00:03'),
(120, 120, 56598.36, 59367.43, '2024-05-02 09:00:04'),
(121, 121, 56598.36, 59367.43, '2024-05-02 10:00:03'),
(122, 122, 56598.36, 59367.43, '2024-05-02 11:00:03'),
(123, 123, 56598.36, 59367.43, '2024-05-02 12:00:03'),
(124, 124, 56598.36, 59367.43, '2024-05-02 13:00:03'),
(125, 125, 56598.36, 59367.43, '2024-05-02 14:00:03'),
(126, 126, 56598.36, 59367.43, '2024-05-02 15:00:03'),
(127, 127, 56598.36, 59387.72, '2024-05-02 16:00:04'),
(128, 128, 56598.36, 59444.36, '2024-05-02 17:00:02'),
(129, 129, 56713.04, 59444.36, '2024-05-02 18:00:02'),
(130, 130, 56713.04, 59444.36, '2024-05-02 19:00:03'),
(131, 131, 56713.04, 59563.98, '2024-05-02 20:00:04'),
(132, 132, 56953.41, 59563.98, '2024-05-02 21:00:03'),
(133, 133, 56953.41, 59563.98, '2024-05-02 22:00:03'),
(134, 134, 56953.41, 59563.98, '2024-05-02 23:00:04'),
(135, 135, 56953.41, 59563.98, '2024-05-03 00:00:03'),
(136, 136, 56953.41, 59563.98, '2024-05-03 01:00:03'),
(137, 137, 57006.94, 59563.98, '2024-05-03 02:00:02'),
(138, 138, 57191.01, 59890.90, '2024-05-03 03:00:03'),
(139, 139, 57191.01, 59989.73, '2024-05-03 04:00:03'),
(140, 140, 57191.01, 59989.73, '2024-05-03 05:00:03'),
(141, 141, 57362.96, 59989.73, '2024-05-03 06:00:03'),
(142, 142, 57526.17, 59989.73, '2024-05-03 07:00:03'),
(143, 143, 57576.47, 59989.73, '2024-05-03 08:00:02'),
(144, 144, 57576.47, 59989.73, '2024-05-03 09:00:03'),
(145, 145, 57576.47, 59989.73, '2024-05-03 10:00:04'),
(146, 146, 57772.69, 59989.73, '2024-05-03 11:00:03'),
(147, 147, 58256.82, 59989.73, '2024-05-03 12:00:03'),
(148, 148, 58256.82, 60739.91, '2024-05-03 13:00:03'),
(149, 149, 58263.55, 61746.44, '2024-05-03 14:00:03'),
(150, 150, 58718.82, 62069.13, '2024-05-03 15:00:03'),
(151, 151, 58718.82, 62069.13, '2024-05-03 16:00:04'),
(152, 152, 58718.82, 62069.13, '2024-05-03 17:00:03'),
(153, 153, 58718.82, 62153.24, '2024-05-03 18:00:02'),
(154, 154, 58718.82, 62153.24, '2024-05-03 19:00:04'),
(155, 155, 58718.82, 62153.24, '2024-05-03 20:00:03'),
(156, 156, 58734.32, 62955.13, '2024-05-03 21:00:03'),
(157, 157, 58837.07, 63181.86, '2024-05-03 22:00:04'),
(158, 158, 58837.07, 63181.86, '2024-05-03 23:00:02'),
(159, 159, 58837.07, 63318.84, '2024-05-04 00:00:03'),
(160, 160, 58837.07, 63318.84, '2024-05-04 01:00:03'),
(161, 161, 58874.96, 63570.16, '2024-05-04 02:00:03'),
(162, 162, 58874.96, 63570.16, '2024-05-04 03:00:03'),
(163, 163, 58874.96, 63570.16, '2024-05-04 04:00:02'),
(164, 164, 58874.96, 63570.16, '2024-05-04 05:00:03'),
(165, 165, 58874.96, 63570.16, '2024-05-04 06:00:02'),
(166, 166, 58874.96, 63570.16, '2024-05-04 07:00:03'),
(167, 167, 58874.96, 63570.16, '2024-05-04 08:00:02'),
(168, 168, 58874.96, 63570.16, '2024-05-04 09:00:03'),
(169, 169, 58874.96, 63570.16, '2024-05-04 10:00:04'),
(170, 170, 58874.96, 63570.16, '2024-05-04 11:00:02'),
(171, 171, 59012.66, 64504.85, '2024-05-04 12:00:03'),
(172, 172, 60368.01, 64504.85, '2024-05-04 13:00:02'),
(173, 173, 61376.66, 64504.85, '2024-05-04 14:00:05'),
(174, 174, 61376.66, 64504.85, '2024-05-04 15:00:03'),
(175, 175, 61560.32, 64504.85, '2024-05-04 16:00:04'),
(176, 176, 61574.88, 64504.85, '2024-05-04 17:00:03'),
(177, 177, 61619.38, 64504.85, '2024-05-04 18:00:03'),
(178, 178, 61619.38, 64504.85, '2024-05-04 19:00:03'),
(179, 179, 61708.43, 64504.85, '2024-05-04 20:00:04'),
(180, 180, 62422.91, 64504.85, '2024-05-04 21:00:03'),
(181, 181, 62492.64, 64504.85, '2024-05-04 22:00:02'),
(182, 182, 62603.21, 64504.85, '2024-05-04 23:00:03'),
(183, 183, 62603.21, 64504.85, '2024-05-05 00:00:03'),
(184, 184, 62603.21, 64504.85, '2024-05-05 01:00:03'),
(185, 185, 62603.21, 64504.85, '2024-05-05 02:00:02'),
(186, 186, 62656.90, 64504.85, '2024-05-05 03:00:03'),
(187, 187, 62693.17, 64504.85, '2024-05-05 04:00:03'),
(188, 188, 62805.08, 64504.85, '2024-05-05 05:00:03'),
(189, 189, 62925.45, 64504.85, '2024-05-05 06:00:03'),
(190, 190, 62925.45, 64504.85, '2024-05-05 07:00:03'),
(191, 191, 62953.95, 64504.85, '2024-05-05 08:00:03'),
(192, 192, 62953.95, 64504.85, '2024-05-05 09:00:03'),
(193, 193, 62953.95, 64504.85, '2024-05-05 10:00:04'),
(194, 194, 62953.95, 64504.85, '2024-05-05 11:00:03'),
(195, 195, 62953.95, 64178.48, '2024-05-05 12:00:02'),
(196, 196, 62953.95, 64169.58, '2024-05-05 13:00:03'),
(197, 197, 62953.95, 64258.65, '2024-05-05 14:00:03'),
(198, 198, 62953.95, 64258.65, '2024-05-05 15:00:04'),
(199, 199, 62953.95, 64486.05, '2024-05-05 16:00:05'),
(200, 200, 62953.95, 64591.11, '2024-05-05 17:00:05'),
(201, 201, 62953.95, 64591.11, '2024-05-05 18:00:03'),
(202, 202, 62953.95, 64591.11, '2024-05-05 19:00:02'),
(203, 203, 62953.95, 64591.11, '2024-05-05 20:00:03'),
(204, 204, 62953.95, 64591.11, '2024-05-05 21:00:04'),
(205, 205, 62953.95, 64591.11, '2024-05-05 22:00:04'),
(206, 206, 62953.95, 64591.11, '2024-05-05 23:00:03'),
(207, 207, 62953.95, 64591.11, '2024-05-06 00:00:02'),
(208, 208, 62953.95, 64591.11, '2024-05-06 01:00:03'),
(209, 209, 62974.42, 64591.11, '2024-05-06 02:00:03'),
(210, 210, 63181.20, 64591.11, '2024-05-06 04:00:04');

-- --------------------------------------------------------

--
-- Table structure for table `ethereumprice_details`
--

CREATE TABLE `ethereumprice_details` (
  `id` int(11) NOT NULL,
  `current_rate` decimal(10,2) DEFAULT NULL,
  `timestamp` datetime DEFAULT NULL
) ENGINE=InnoDB DEFAULT CHARSET=latin1 COLLATE=latin1_swedish_ci;

--
-- Dumping data for table `ethereumprice_details`
--

INSERT INTO `ethereumprice_details` (`id`, `current_rate`, `timestamp`) VALUES
(1, 2966.38, '2024-04-29 00:15:44'),
(2, 2980.23, '2024-04-29 01:00:11'),
(3, 2994.08, '2024-04-29 03:38:00'),
(4, 3007.93, '2024-04-29 05:11:58'),
(5, 3021.78, '2024-04-29 07:10:12'),
(6, 3035.64, '2024-04-29 09:45:41'),
(7, 3039.49, '2024-04-29 10:46:09'),
(8, 3043.34, '2024-04-29 11:23:29'),
(9, 3057.19, '2024-04-29 12:40:59'),
(10, 3090.23, '2024-04-30 04:28:41'),
(11, 3073.28, '2024-04-30 06:40:53'),
(12, 3076.32, '2024-04-30 09:07:12'),
(13, 3089.37, '2024-04-30 12:53:34'),
(14, 3082.41, '2024-04-30 13:15:52'),
(15, 3105.46, '2024-04-30 14:39:17'),
(16, 3128.50, '2024-04-30 15:43:58'),
(17, 3121.55, '2024-04-30 16:49:09'),
(18, 3124.59, '2024-04-30 17:09:35'),
(19, 3147.64, '2024-05-01 00:22:27'),
(20, 3150.68, '2024-05-01 04:51:01'),
(21, 3133.73, '2024-05-01 06:49:29'),
(22, 3146.77, '2024-05-01 08:19:38'),
(23, 3149.82, '2024-05-01 10:29:30'),
(24, 3172.86, '2024-05-01 12:08:57'),
(25, 3175.91, '2024-05-01 14:15:31'),
(26, 3178.95, '2024-05-01 17:08:51'),
(27, 3131.99, '2024-05-01 19:31:56'),
(28, 3125.04, '2024-05-01 20:15:04'),
(29, 3138.08, '2024-05-01 21:38:06'),
(30, 3151.13, '2024-05-02 03:16:21'),
(31, 3184.17, '2024-05-02 05:49:17'),
(32, 3177.22, '2024-05-02 08:30:37'),
(33, 3160.26, '2024-05-02 10:14:23'),
(34, 3163.31, '2024-05-02 12:28:17'),
(35, 3166.35, '2024-05-02 13:38:47'),
(36, 3169.40, '2024-05-02 14:59:04'),
(37, 3152.44, '2024-05-02 15:40:33'),
(38, 3155.49, '2024-05-02 16:57:23'),
(39, 3168.53, '2024-05-02 17:44:52'),
(40, 3161.58, '2024-05-02 18:37:56'),
(41, 3154.62, '2024-05-03 02:37:28'),
(42, 3217.67, '2024-05-03 07:10:11'),
(43, 3210.71, '2024-05-03 09:58:44'),
(44, 3233.76, '2024-05-03 12:47:07'),
(45, 3246.80, '2024-05-03 14:41:28'),
(46, 3259.85, '2024-05-03 16:06:02'),
(47, 3242.89, '2024-05-03 18:34:45'),
(48, 3255.94, '2024-05-03 19:17:58'),
(49, 3228.98, '2024-05-03 20:32:36'),
(50, 3212.03, '2024-05-03 21:11:45');

-- --------------------------------------------------------

--
-- Table structure for table `ethereum_prices`
--

CREATE TABLE `ethereum_prices` (
  `id` int(11) NOT NULL,
  `ethereum_price_id` int(11) DEFAULT NULL,
  `low_rate` decimal(10,2) DEFAULT NULL,
  `high_rate` decimal(10,2) DEFAULT NULL,
  `timestamp` datetime DEFAULT NULL
) ENGINE=InnoDB DEFAULT CHARSET=latin1 COLLATE=latin1_swedish_ci;

--
-- Dumping data for table `ethereum_prices`
--

INSERT INTO `ethereum_prices` (`id`, `ethereum_price_id`, `low_rate`, `high_rate`, `timestamp`) VALUES
(1, 1, 2950.00, 3200.00, '2024-04-29 00:15:44'),
(2, 2, 2954.52, 3204.52, '2024-04-29 01:00:11'),
(3, 3, 2959.04, 3209.04, '2024-04-29 03:38:00'),
(4, 4, 2963.56, 3213.56, '2024-04-29 05:11:58'),
(5, 5, 2968.08, 3218.08, '2024-04-29 07:10:12'),
(6, 6, 2972.60, 3222.60, '2024-04-29 09:45:41'),
(7, 7, 2967.12, 3227.12, '2024-04-29 10:46:09'),
(8, 8, 2971.64, 3231.64, '2024-04-29 11:23:29'),
(9, 9, 2980.16, 3236.16, '2024-04-29 12:40:59'),
(10, 10, 2988.68, 3240.68, '2024-04-30 04:28:41'),
(11, 11, 2989.20, 3245.20, '2024-04-30 06:40:53'),
(12, 12, 2990.72, 3249.72, '2024-04-30 09:07:12'),
(13, 13, 3004.24, 3254.24, '2024-04-30 12:53:34'),
(14, 14, 3008.76, 3258.76, '2024-04-30 13:15:52'),
(15, 15, 3013.28, 3263.28, '2024-04-30 14:39:17'),
(16, 16, 3017.80, 3267.80, '2024-04-30 15:43:58'),
(17, 17, 3022.32, 3272.32, '2024-04-30 16:49:09'),
(18, 18, 3026.84, 3276.84, '2024-04-30 17:09:35'),
(19, 19, 3031.36, 3281.36, '2024-05-01 00:22:27'),
(20, 20, 3035.88, 3285.88, '2024-05-01 04:51:01'),
(21, 21, 3040.40, 3280.40, '2024-05-01 06:49:29'),
(22, 22, 3034.92, 3284.92, '2024-05-01 08:19:38'),
(23, 23, 3039.44, 3286.44, '2024-05-01 10:29:30'),
(24, 24, 3043.96, 3277.96, '2024-05-01 12:08:57'),
(25, 25, 3048.48, 3278.48, '2024-05-01 14:15:31'),
(26, 26, 3053.00, 3265.00, '2024-05-01 17:08:51'),
(27, 27, 3057.52, 3270.52, '2024-05-01 19:31:56'),
(28, 28, 3062.04, 3281.04, '2024-05-01 20:15:04'),
(29, 29, 3066.56, 3264.56, '2024-05-01 21:38:06'),
(30, 30, 3071.08, 3271.08, '2024-05-02 03:16:21'),
(31, 31, 3080.60, 3285.60, '2024-05-02 05:49:17'),
(32, 32, 3088.12, 3290.12, '2024-05-02 08:30:37'),
(33, 33, 3084.64, 3294.64, '2024-05-02 10:14:23'),
(34, 34, 3099.16, 3297.16, '2024-05-02 12:28:17'),
(35, 35, 3103.68, 3300.68, '2024-05-02 13:38:47'),
(36, 36, 3108.20, 3301.20, '2024-05-02 14:59:04'),
(37, 37, 3102.72, 3302.72, '2024-05-02 15:40:33'),
(38, 38, 3111.24, 3299.24, '2024-05-02 16:57:23'),
(39, 39, 3103.76, 3296.76, '2024-05-02 17:44:52'),
(40, 40, 3100.28, 3292.28, '2024-05-02 18:37:56'),
(41, 41, 3108.80, 3290.80, '2024-05-03 02:37:28'),
(42, 42, 3112.32, 3288.32, '2024-05-03 07:10:11'),
(43, 43, 3103.84, 3291.84, '2024-05-03 09:58:44'),
(44, 44, 3108.36, 3294.36, '2024-05-03 12:47:07'),
(45, 45, 3105.88, 3292.88, '2024-05-03 14:41:28'),
(46, 46, 3102.40, 3293.40, '2024-05-03 16:06:02'),
(47, 47, 3107.92, 3297.92, '2024-05-03 18:34:45'),
(48, 48, 3112.44, 3299.44, '2024-05-03 19:17:58'),
(49, 49, 3116.96, 3301.96, '2024-05-03 20:32:36'),
(50, 50, 3120.48, 3302.48, '2024-05-03 21:11:45');

--
-- Indexes for dumped tables
--

--
-- Indexes for table `binancecoin_detail`
--
ALTER TABLE `binancecoin_detail`
  ADD PRIMARY KEY (`id`);

--
-- Indexes for table `binancecoin_price`
--
ALTER TABLE `binancecoin_price`
  ADD PRIMARY KEY (`id`);

--
-- Indexes for table `bitcoin_price`
--
ALTER TABLE `bitcoin_price`
  ADD PRIMARY KEY (`id`);

--
-- Indexes for table `bitcoin_prices`
--
ALTER TABLE `bitcoin_prices`
  ADD PRIMARY KEY (`id`);

--
-- Indexes for table `bitcoin_price_details`
--
ALTER TABLE `bitcoin_price_details`
  ADD PRIMARY KEY (`id`),
  ADD KEY `bitcoin_price_id` (`bitcoin_price_id`);

--
-- Indexes for table `ethereumprice_details`
--
ALTER TABLE `ethereumprice_details`
  ADD PRIMARY KEY (`id`);

--
-- Indexes for table `ethereum_prices`
--
ALTER TABLE `ethereum_prices`
  ADD PRIMARY KEY (`id`);

--
-- AUTO_INCREMENT for dumped tables
--

--
-- AUTO_INCREMENT for table `bitcoin_price`
--
ALTER TABLE `bitcoin_price`
  MODIFY `id` int(11) NOT NULL AUTO_INCREMENT;

--
-- AUTO_INCREMENT for table `bitcoin_prices`
--
ALTER TABLE `bitcoin_prices`
  MODIFY `id` int(11) NOT NULL AUTO_INCREMENT, AUTO_INCREMENT=211;

--
-- AUTO_INCREMENT for table `bitcoin_price_details`
--
ALTER TABLE `bitcoin_price_details`
  MODIFY `id` int(11) NOT NULL AUTO_INCREMENT, AUTO_INCREMENT=211;

--
-- Constraints for dumped tables
--

--
-- Constraints for table `bitcoin_price_details`
--
ALTER TABLE `bitcoin_price_details`
  ADD CONSTRAINT `bitcoin_price_details_ibfk_1` FOREIGN KEY (`bitcoin_price_id`) REFERENCES `bitcoin_prices` (`id`);
COMMIT;

/*!40101 SET CHARACTER_SET_CLIENT=@OLD_CHARACTER_SET_CLIENT */;
/*!40101 SET CHARACTER_SET_RESULTS=@OLD_CHARACTER_SET_RESULTS */;
/*!40101 SET COLLATION_CONNECTION=@OLD_COLLATION_CONNECTION */;
